{"launcher":{"size":913912,"target":"2.0.1","path":"launcher/UpdateKit.jar","checksum":"crc64:5432EF26BA59D098"},"date":1708199836998,"bundles":[{"size":4547088,"target":"app/addons/","path":"app/addons/.zip.stream","checksum":"crc64:CDDE9EC4984B81F7"},{"size":2249337,"target":"app/data/","path":"app/data/.zip.stream","checksum":"crc64:1C2770B745C8D85D"},{"size":5909694,"target":"app/music/","path":"app/music/.zip.stream","checksum":"crc64:9624AE3AF5BCE506"},{"size":90724,"target":"app/stages/","path":"app/stages/.zip.stream","checksum":"crc64:6CFFCEC3851107BD"},{"size":1815398,"target":"data/mystages/mymusic/","path":"data/mystages/mymusic/.zip.stream","checksum":"crc64:8C1C274941220689"}],"dirs":["app","app/addons","app/data","app/music","app/stages","custom","data","data/config","data/mycars","data/mystages","data/mystages/mymusic"],"files":[{"size":533339,"path":"app/addons/bcel-5.2.jar","checksum":"crc64:3DFFB816A1C2B81B"},{"size":27544,"path":"app/addons/Discord_RPC.jar","checksum":"crc64:F9B18072EE6A3224"},{"size":3424988,"path":"app/addons/FontSupport.jar","checksum":"crc64:1B2CC989E6C8C33C"},{"size":1706638,"path":"app/addons/java-discord-rpc-2.0.1-all.jar","checksum":"crc64:D872041F0436B8EE"},{"size":910787,"path":"app/addons/LuaJ.jar","checksum":"crc64:DB4844DCAB82F80D"},{"size":161903,"path":"app/addons/NfmM_mp3Slayer.jar","checksum":"crc64:4BC3F95C844A1B38"},{"size":870,"path":"app/data/b.gif","checksum":"crc64:6CFF01DE714B2591"},{"size":2143,"path":"app/data/backtogame1.gif","checksum":"crc64:1C9BFECE437107C2"},{"size":2143,"path":"app/data/backtogame2.gif","checksum":"crc64:CD2A417D17C46A31"},{"size":29269,"path":"app/data/bggo_event_hween.jpg","checksum":"crc64:F0464F1ADC7A87C6"},{"size":133299,"path":"app/data/bggo_event_xmas.jpg","checksum":"crc64:AFDACB6F4C70268E"},{"size":1923,"path":"app/data/carmaker1.gif","checksum":"crc64:D5BD066EF669BB53"},{"size":1923,"path":"app/data/carmaker2.gif","checksum":"crc64:4C3287AB31EDD92D"},{"size":7611,"path":"app/data/carmakerlogo.gif","checksum":"crc64:624E03C3005BFDE4"},{"size":853,"path":"app/data/checkbox1.gif","checksum":"crc64:1B2CD73829D8C25C"},{"size":868,"path":"app/data/checkbox2.gif","checksum":"crc64:6D430FCD32C29C82"},{"size":1499,"path":"app/data/classic.png","checksum":"crc64:95EA48B21550AEE7"},{"size":1301,"path":"app/data/custom.png","checksum":"crc64:FACA2E3EA63494A8"},{"size":498,"path":"app/data/elimination.png","checksum":"crc64:27BADA9A3A3D1092"},{"size":1318,"path":"app/data/filter.png","checksum":"crc64:E45BC25BECBC75F7"},{"size":403,"path":"app/data/fullscreen.gif","checksum":"crc64:E936E3F2A69B5FD1"},{"size":1633,"path":"app/data/ghostrc.png","checksum":"crc64:E8E17552EF5A01C"},{"size":281,"path":"app/data/gm_mouse.png","checksum":"crc64:2575EE2BAEC3BA82"},{"size":21898,"path":"app/data/hello.gif","checksum":"crc64:BBC6A63D07D2E18D"},{"size":1144,"path":"app/data/icon_16px.png","checksum":"crc64:81D5156C64525019"},{"size":2573,"path":"app/data/icon_24px.png","checksum":"crc64:20DE731F9FB81188"},{"size":3011,"path":"app/data/icon_32px.png","checksum":"crc64:27D80386C272405E"},{"size":4075,"path":"app/data/icon_48px.png","checksum":"crc64:5BE32CA9BD4951C1"},{"size":10209,"path":"app/data/icon_64px.png","checksum":"crc64:3DECBD44851B13C1"},{"size":18999,"path":"app/data/icon_96px.png","checksum":"crc64:387300AAB7372933"},{"size":732018,"path":"app/data/images.zip","checksum":"crc64:D8A18F6A6D0E9874"},{"size":316,"path":"app/data/loadbar.gif","checksum":"crc64:501FCC77CE80A19D"},{"size":350,"path":"app/data/lock.png","checksum":"crc64:BF7AAAACBD262FA3"},{"size":135677,"path":"app/data/logomadbg_event_hween.jpg","checksum":"crc64:31AB787013360773"},{"size":17488,"path":"app/data/logomad_event_hween.png","checksum":"crc64:F828BB14860AC7F9"},{"size":20426,"path":"app/data/models.float.zip","checksum":"crc64:B477374749762648"},{"size":103503,"path":"app/data/models.zip","checksum":"crc64:4F9D312DE38833D2"},{"size":1498,"path":"app/data/movwalls.png","checksum":"crc64:339A79CCF1C77F66"},{"size":1459,"path":"app/data/noarrow.png","checksum":"crc64:DBA298FF96DDD79C"},{"size":1461,"path":"app/data/nocarcam.png","checksum":"crc64:B020F1A30434DB3"},{"size":1488,"path":"app/data/nofix.png","checksum":"crc64:C5D071F8DBC71419"},{"size":1481,"path":"app/data/nomode.png","checksum":"crc64:833C75E9231C12D3"},{"size":378,"path":"app/data/power.png","checksum":"crc64:D4BD0F4F3F925E46"},{"size":1543,"path":"app/data/sd1.gif","checksum":"crc64:EEC50E8F9FEDA4D3"},{"size":1526,"path":"app/data/sd2.gif","checksum":"crc64:F4DE479861CAB68C"},{"size":1407,"path":"app/data/sign.gif","checksum":"crc64:92BCCACAD53B0668"},{"size":1610,"path":"app/data/sizebar.gif","checksum":"crc64:A614D9C2A2731662"},{"size":1558,"path":"app/data/sl1.gif","checksum":"crc64:C3CF7285577FFA5F"},{"size":1541,"path":"app/data/sl2.gif","checksum":"crc64:C78EB900078DC414"},{"size":1015329,"path":"app/data/sounds.zip","checksum":"crc64:49476EB1B768D69D"},{"size":1551,"path":"app/data/sr1.gif","checksum":"crc64:47111CB6D854AA5A"},{"size":1539,"path":"app/data/sr2.gif","checksum":"crc64:73234119E9FF1B6A"},{"size":2127,"path":"app/data/stagemaker1.gif","checksum":"crc64:6CE651C506832BEE"},{"size":2276,"path":"app/data/stagemaker2.gif","checksum":"crc64:8956B2FDF79BBB7D"},{"size":7531,"path":"app/data/stagemakerlogo.gif","checksum":"crc64:2D39452CB18C4F71"},{"size":1300,"path":"app/data/stmk_export.png","checksum":"crc64:EA8CE017F2315CF3"},{"size":511,"path":"app/data/stmk_pczoom.png","checksum":"crc64:139847D66545207E"},{"size":1818,"path":"app/data/stmk_snap_off.png","checksum":"crc64:2965E0BCDB1DE61B"},{"size":1982,"path":"app/data/stmk_snap_on.png","checksum":"crc64:5E141D83A504B458"},{"size":1622,"path":"app/data/stmk_tag_off.png","checksum":"crc64:10D23E876CF6EADC"},{"size":1627,"path":"app/data/stmk_tag_on.png","checksum":"crc64:11AB3B8E4F813C26"},{"size":1545,"path":"app/data/su1.gif","checksum":"crc64:40243FA73296F6D1"},{"size":1529,"path":"app/data/su2.gif","checksum":"crc64:ACABC8292037B099"},{"size":1731,"path":"app/data/undead.png","checksum":"crc64:D747EC4B9B8B34D"},{"size":1015,"path":"app/data/xmas_hat.png","checksum":"crc64:8C78AE5670BD5ACE"},{"size":1403,"path":"app/data/youreliminated.png","checksum":"crc64:37452852040E5CF2"},{"size":1612,"path":"app/data/zi1.gif","checksum":"crc64:33FEDBBD1AC5B418"},{"size":1604,"path":"app/data/zi2.gif","checksum":"crc64:DCD6420114358C9"},{"size":1625,"path":"app/data/zo1.gif","checksum":"crc64:FEBBF2750AC54EAC"},{"size":1629,"path":"app/data/zo2.gif","checksum":"crc64:2F628C9CC1E4AC75"},{"size":43513,"path":"app/music/interface.zip","checksum":"crc64:C3D60CB5F5D59ADD"},{"size":90202,"path":"app/music/interface_event_hween.zip","checksum":"crc64:DE54FE1466F0A422"},{"size":174006,"path":"app/music/interface_event_xmas.zip","checksum":"crc64:7011F13DDB882675"},{"size":44576,"path":"app/music/lobby.zip","checksum":"crc64:637347DFDBE98E57"},{"size":76756,"path":"app/music/lobby_event_hween.zip","checksum":"crc64:5F546FDBD961FE1D"},{"size":16670,"path":"app/music/lobby_event_xmas.zip","checksum":"crc64:8393083D519C422E"},{"size":2123634,"path":"app/music/mainmenu_event_hween.zip","checksum":"crc64:38DB03DB8916B379"},{"size":47501,"path":"app/music/mainmenu_event_xmas.zip","checksum":"crc64:5391571A8CD8C639"},{"size":71496,"path":"app/music/party.zip","checksum":"crc64:44977C6FEA07DAF1"},{"size":39688,"path":"app/music/stage1.zip","checksum":"crc64:EA76A49C8A87B217"},{"size":145465,"path":"app/music/stage10.zip","checksum":"crc64:14208CF40B4C8181"},{"size":109439,"path":"app/music/stage11.zip","checksum":"crc64:3F27592695661A03"},{"size":77838,"path":"app/music/stage12.zip","checksum":"crc64:3192CF6B8CA52C32"},{"size":57424,"path":"app/music/stage13.zip","checksum":"crc64:4C4B80D78A4CFF28"},{"size":119303,"path":"app/music/stage14.zip","checksum":"crc64:BD11BC870787C294"},{"size":94920,"path":"app/music/stage15.zip","checksum":"crc64:5157C1F768A37B04"},{"size":213445,"path":"app/music/stage16.zip","checksum":"crc64:7B95AB7E0DF69507"},{"size":71855,"path":"app/music/stage17.zip","checksum":"crc64:B66530E61C96650A"},{"size":81759,"path":"app/music/stage18.zip","checksum":"crc64:93885F2A261C7828"},{"size":155670,"path":"app/music/stage19.zip","checksum":"crc64:519E36AC18E7DAF5"},{"size":133067,"path":"app/music/stage2.zip","checksum":"crc64:7B679AF89C42E3C6"},{"size":104957,"path":"app/music/stage20.zip","checksum":"crc64:400B069B004B82E8"},{"size":28412,"path":"app/music/stage21.zip","checksum":"crc64:3EC789424547E375"},{"size":67191,"path":"app/music/stage22.zip","checksum":"crc64:2EB2C4E0523DA36B"},{"size":53792,"path":"app/music/stage23.zip","checksum":"crc64:F21D9AD57725BF2A"},{"size":31715,"path":"app/music/stage24.zip","checksum":"crc64:AB8149FE5836627B"},{"size":155399,"path":"app/music/stage25.zip","checksum":"crc64:665646F2803CDBBC"},{"size":132551,"path":"app/music/stage26.zip","checksum":"crc64:D7CF503B0DF880C1"},{"size":82477,"path":"app/music/stage27.zip","checksum":"crc64:49270962E243BCF7"},{"size":45125,"path":"app/music/stage28.zip","checksum":"crc64:D510178A04CA2330"},{"size":58497,"path":"app/music/stage29.zip","checksum":"crc64:736AAE4FE398718B"},{"size":23477,"path":"app/music/stage3.zip","checksum":"crc64:211E9A225446EDDD"},{"size":126487,"path":"app/music/stage30.zip","checksum":"crc64:C1C4FECC126AA452"},{"size":207533,"path":"app/music/stage31.zip","checksum":"crc64:678715E81D0B50D5"},{"size":215053,"path":"app/music/stage32.zip","checksum":"crc64:CAF568539050E6F8"},{"size":59920,"path":"app/music/stage4.zip","checksum":"crc64:EF93A17341DBA506"},{"size":108712,"path":"app/music/stage5.zip","checksum":"crc64:3A11190FFF8346B1"},{"size":150536,"path":"app/music/stage6.zip","checksum":"crc64:51A4BB3685D65E4F"},{"size":83099,"path":"app/music/stage7.zip","checksum":"crc64:8EC3335199C35CE8"},{"size":142166,"path":"app/music/stage8.zip","checksum":"crc64:13872FD2C1FE8233"},{"size":38569,"path":"app/music/stage9.zip","checksum":"crc64:C38911CEE9E56C82"},{"size":2797,"path":"app/stages/1.txt","checksum":"crc64:95D34C1054CA1152"},{"size":9124,"path":"app/stages/10.txt","checksum":"crc64:901F32A02844B7F"},{"size":3134,"path":"app/stages/11.txt","checksum":"crc64:80EBD229E7E3CFF8"},{"size":10110,"path":"app/stages/12.txt","checksum":"crc64:7ACD3D32FC5A1FC0"},{"size":6057,"path":"app/stages/13.txt","checksum":"crc64:9A8427688198D9EB"},{"size":7242,"path":"app/stages/14.txt","checksum":"crc64:E48DDDFC72AF64AE"},{"size":4115,"path":"app/stages/15.txt","checksum":"crc64:10B176889930965E"},{"size":10581,"path":"app/stages/16.txt","checksum":"crc64:810677E8423327C8"},{"size":5912,"path":"app/stages/17.txt","checksum":"crc64:C6E48B4523E9448C"},{"size":13283,"path":"app/stages/18.txt","checksum":"crc64:1272EC82A3DA06C5"},{"size":5421,"path":"app/stages/19.txt","checksum":"crc64:E4DAB47AF3D8A44D"},{"size":5516,"path":"app/stages/2.txt","checksum":"crc64:A6EA982FB31F0F98"},{"size":9231,"path":"app/stages/20.txt","checksum":"crc64:2C4543670EDE4F11"},{"size":12257,"path":"app/stages/21.txt","checksum":"crc64:E69017C9A710CBD8"},{"size":11458,"path":"app/stages/22.txt","checksum":"crc64:BD9706D11AA76FE5"},{"size":5432,"path":"app/stages/23.txt","checksum":"crc64:E7786D93C489436"},{"size":11548,"path":"app/stages/24.txt","checksum":"crc64:CF23358F4AC1BACB"},{"size":11237,"path":"app/stages/25.txt","checksum":"crc64:72D263C85E753610"},{"size":12026,"path":"app/stages/26.txt","checksum":"crc64:10991AD3E3BABD3F"},{"size":2545,"path":"app/stages/27.txt","checksum":"crc64:8FF53A2645D9A71F"},{"size":6974,"path":"app/stages/28.txt","checksum":"crc64:FD02F4D866F9A31D"},{"size":12542,"path":"app/stages/29.txt","checksum":"crc64:871D7BD6420C185F"},{"size":4103,"path":"app/stages/3.txt","checksum":"crc64:E80B132CC6E571A4"},{"size":13375,"path":"app/stages/30.txt","checksum":"crc64:662BB8CF654E1E47"},{"size":13379,"path":"app/stages/31.txt","checksum":"crc64:F983A5B53902CF32"},{"size":14184,"path":"app/stages/32.txt","checksum":"crc64:F961D7C49346700E"},{"size":7714,"path":"app/stages/4.txt","checksum":"crc64:62E6C907F626EE9C"},{"size":5934,"path":"app/stages/5.txt","checksum":"crc64:679B99892DB423DB"},{"size":6296,"path":"app/stages/6.txt","checksum":"crc64:C347DA6D33D76428"},{"size":3935,"path":"app/stages/7.txt","checksum":"crc64:4DB93732A00DD539"},{"size":6954,"path":"app/stages/8.txt","checksum":"crc64:5BEF931A97586D6F"},{"size":10568,"path":"app/stages/9.txt","checksum":"crc64:77D30E0756EAC2F5"},{"size":1449,"path":"custom/howto.txt","checksum":"crc64:A5B9CBC1379FCA58"},{"size":9373,"path":"data/mycars/Example, MAX Revenge.rad","checksum":"crc64:2239B510039F54EF"},{"size":2702,"path":"data/mycars/Simple Car.rad","checksum":"crc64:82EFB0CB624E943F"},{"size":12972,"path":"data/mystages/Example Stage - with all the parts used in it.txt","checksum":"crc64:4D4A61AE5D5583D5"},{"size":102346,"path":"data/mystages/mymusic/airy.mod.zip","checksum":"crc64:BD03569432771C6B"},{"size":17338,"path":"data/mystages/mymusic/ghost_me.mod.zip","checksum":"crc64:26495FDA0A149CE5"},{"size":194392,"path":"data/mystages/mymusic/inner_feelings.mod.zip","checksum":"crc64:67138EB51A9B9C54"},{"size":78291,"path":"data/mystages/mymusic/inner_planet.mod.zip","checksum":"crc64:B12089E63B9C2802"},{"size":47916,"path":"data/mystages/mymusic/jellybean_-_mean_machine.mod.zip","checksum":"crc64:9090AB657546AFD0"},{"size":58390,"path":"data/mystages/mymusic/jensz.mod.zip","checksum":"crc64:35C667321EE33CE3"},{"size":70715,"path":"data/mystages/mymusic/kyrom-malysty.mod.zip","checksum":"crc64:59D623D7600DF1E"},{"size":33878,"path":"data/mystages/mymusic/logical_move_4-01.mod.zip","checksum":"crc64:5899A79C1888FE01"},{"size":98703,"path":"data/mystages/mymusic/lolander.mod.zip","checksum":"crc64:F27C044F446427D3"},{"size":111889,"path":"data/mystages/mymusic/midnight_run.mod.zip","checksum":"crc64:34A4B08DAFD658C9"},{"size":132825,"path":"data/mystages/mymusic/noggins_nokkin_stik.mod.zip","checksum":"crc64:5A3B066D0624BBB9"},{"size":142435,"path":"data/mystages/mymusic/puro_acid_5.mod.zip","checksum":"crc64:80BDBCC1612BBBF1"},{"size":66380,"path":"data/mystages/mymusic/purple_dream_5.mod.zip","checksum":"crc64:74FB8E067355B6D6"},{"size":73267,"path":"data/mystages/mymusic/pyrox_1_1.mod.zip","checksum":"crc64:5BAB967E2D851D14"},{"size":209479,"path":"data/mystages/mymusic/pythons_loony_too.mod.zip","checksum":"crc64:CE31AC97F9C8C972"},{"size":137817,"path":"data/mystages/mymusic/q-bic.mod.zip","checksum":"crc64:3772812503B23E8A"},{"size":35311,"path":"data/mystages/mymusic/quickn_easy.mod.zip","checksum":"crc64:C585210AC080128A"},{"size":140235,"path":"data/mystages/mymusic/uaahhversion1.mod.zip","checksum":"crc64:CF4E1B1F4562AFEE"},{"size":61256,"path":"data/mystages/mymusic/uncle_human.mod.zip","checksum":"crc64:83C2AE56447D2539"},{"size":725700,"path":"app/appcore.jar","checksum":"crc64:8723539D1C078DAA"}],"runtimes":[{"size":86950127,"target":"linux32","path":"https://cdn.discordapp.com/attachments/1001317946062278788/1032171614277738496/linux32.jre.zip","checksum":"crc64:4545EC1E5A2C01BF"},{"size":83638985,"target":"linux64","path":"https://cdn.discordapp.com/attachments/1001317946062278788/1032173897606504468/linux64.jre.zip","checksum":"crc64:7556E9A3270C2E70"},{"size":70984955,"target":"mac64","path":"https://cdn.discordapp.com/attachments/1001317946062278788/1032175184389607482/mac64.jre.zip","checksum":"crc64:561A0EE2D85BC9A5"},{"size":70399466,"target":"win32","path":"https://cdn.discordapp.com/attachments/1001317946062278788/1032167649590902784/win32.jre.zip","checksum":"crc64:B0AEE5188712FD92"},{"size":75267622,"target":"win64","path":"https://cdn.discordapp.com/attachments/1001317946062278788/1032169456849399818/win64.jre.zip","checksum":"crc64:A2035436F1CD7BD1"}],"base":"https://raw.githubusercontent.com/DragShot/ds-addons-files/master/","core":36,"version":33882113}