{"core":36,"version":33751046,"date":1597366184897,"base":"https://raw.githubusercontent.com/DragShot/ds-addons-files/master/","dirs":["app","app/addons","app/data","app/music","app/stages","custom","data","data/config","data/mycars","data/mystages","data/mystages/mymusic"],"files":[{"path":"app/addons/Discord_RPC.jar","size":27544,"checksum":"crc64:F9B18072EE6A3224"},{"path":"app/addons/java-discord-rpc-2.0.1-all.jar","size":1706638,"checksum":"crc64:D872041F0436B8EE"},{"path":"app/addons/NfmM_mp3Slayer.jar","size":161903,"checksum":"crc64:4BC3F95C844A1B38"},{"path":"app/appcore.jar","size":603717,"checksum":"crc64:1BFA8539FCBB36DC"},{"path":"app/data/b.gif","size":870,"checksum":"crc64:6CFF01DE714B2591"},{"path":"app/data/backtogame1.gif","size":2143,"checksum":"crc64:1C9BFECE437107C2"},{"path":"app/data/backtogame2.gif","size":2143,"checksum":"crc64:CD2A417D17C46A31"},{"path":"app/data/bggo_event_hween.jpg","size":29269,"checksum":"crc64:F0464F1ADC7A87C6"},{"path":"app/data/bggo_event_xmas.jpg","size":133299,"checksum":"crc64:AFDACB6F4C70268E"},{"path":"app/data/carmaker1.gif","size":1923,"checksum":"crc64:D5BD066EF669BB53"},{"path":"app/data/carmaker2.gif","size":1923,"checksum":"crc64:4C3287AB31EDD92D"},{"path":"app/data/carmakerlogo.gif","size":7611,"checksum":"crc64:624E03C3005BFDE4"},{"path":"app/data/checkbox1.gif","size":853,"checksum":"crc64:1B2CD73829D8C25C"},{"path":"app/data/checkbox2.gif","size":868,"checksum":"crc64:6D430FCD32C29C82"},{"path":"app/data/custom.png","size":1301,"checksum":"crc64:FACA2E3EA63494A8"},{"path":"app/data/filter.png","size":1318,"checksum":"crc64:E45BC25BECBC75F7"},{"path":"app/data/fullscreen.gif","size":403,"checksum":"crc64:E936E3F2A69B5FD1"},{"path":"app/data/gm_mouse.png","size":281,"checksum":"crc64:2575EE2BAEC3BA82"},{"path":"app/data/hello.gif","size":21898,"checksum":"crc64:BBC6A63D07D2E18D"},{"path":"app/data/icon_16px.png","size":1144,"checksum":"crc64:81D5156C64525019"},{"path":"app/data/icon_24px.png","size":2573,"checksum":"crc64:20DE731F9FB81188"},{"path":"app/data/icon_32px.png","size":3011,"checksum":"crc64:27D80386C272405E"},{"path":"app/data/icon_48px.png","size":4075,"checksum":"crc64:5BE32CA9BD4951C1"},{"path":"app/data/icon_64px.png","size":10209,"checksum":"crc64:3DECBD44851B13C1"},{"path":"app/data/icon_96px.png","size":18999,"checksum":"crc64:387300AAB7372933"},{"path":"app/data/images.zip","size":732018,"checksum":"crc64:D8A18F6A6D0E9874"},{"path":"app/data/loadbar.gif","size":316,"checksum":"crc64:501FCC77CE80A19D"},{"path":"app/data/lock.png","size":350,"checksum":"crc64:BF7AAAACBD262FA3"},{"path":"app/data/logomadbg_event_hween.jpg","size":135677,"checksum":"crc64:31AB787013360773"},{"path":"app/data/models.zip","size":103503,"checksum":"crc64:4F9D312DE38833D2"},{"path":"app/data/noarrow.png","size":1459,"checksum":"crc64:DBA298FF96DDD79C"},{"path":"app/data/nofix.png","size":1488,"checksum":"crc64:C5D071F8DBC71419"},{"path":"app/data/power.png","size":378,"checksum":"crc64:D4BD0F4F3F925E46"},{"path":"app/data/sd1.gif","size":1543,"checksum":"crc64:EEC50E8F9FEDA4D3"},{"path":"app/data/sd2.gif","size":1526,"checksum":"crc64:F4DE479861CAB68C"},{"path":"app/data/sign.gif","size":1407,"checksum":"crc64:92BCCACAD53B0668"},{"path":"app/data/sizebar.gif","size":1610,"checksum":"crc64:A614D9C2A2731662"},{"path":"app/data/sl1.gif","size":1558,"checksum":"crc64:C3CF7285577FFA5F"},{"path":"app/data/sl2.gif","size":1541,"checksum":"crc64:C78EB900078DC414"},{"path":"app/data/sounds.zip","size":545452,"checksum":"crc64:AC44919770D57BF0"},{"path":"app/data/sr1.gif","size":1551,"checksum":"crc64:47111CB6D854AA5A"},{"path":"app/data/sr2.gif","size":1539,"checksum":"crc64:73234119E9FF1B6A"},{"path":"app/data/stagemaker1.gif","size":2127,"checksum":"crc64:6CE651C506832BEE"},{"path":"app/data/stagemaker2.gif","size":2276,"checksum":"crc64:8956B2FDF79BBB7D"},{"path":"app/data/stagemakerlogo.gif","size":7531,"checksum":"crc64:2D39452CB18C4F71"},{"path":"app/data/stmk_snap_off.png","size":1818,"checksum":"crc64:2965E0BCDB1DE61B"},{"path":"app/data/stmk_snap_on.png","size":1982,"checksum":"crc64:5E141D83A504B458"},{"path":"app/data/su1.gif","size":1545,"checksum":"crc64:40243FA73296F6D1"},{"path":"app/data/su2.gif","size":1529,"checksum":"crc64:ACABC8292037B099"},{"path":"app/data/undead.png","size":1731,"checksum":"crc64:D747EC4B9B8B34D"},{"path":"app/data/xmas_hat.png","size":1015,"checksum":"crc64:8C78AE5670BD5ACE"},{"path":"app/data/zi1.gif","size":1612,"checksum":"crc64:33FEDBBD1AC5B418"},{"path":"app/data/zi2.gif","size":1604,"checksum":"crc64:DCD6420114358C9"},{"path":"app/data/zo1.gif","size":1625,"checksum":"crc64:FEBBF2750AC54EAC"},{"path":"app/data/zo2.gif","size":1629,"checksum":"crc64:2F628C9CC1E4AC75"},{"path":"app/music/interface.zip","size":43513,"checksum":"crc64:C3D60CB5F5D59ADD"},{"path":"app/music/interface_event_hween.zip","size":90202,"checksum":"crc64:DE54FE1466F0A422"},{"path":"app/music/interface_event_xmas.zip","size":174006,"checksum":"crc64:7011F13DDB882675"},{"path":"app/music/lobby.zip","size":44576,"checksum":"crc64:637347DFDBE98E57"},{"path":"app/music/lobby_event_hween.zip","size":76756,"checksum":"crc64:5F546FDBD961FE1D"},{"path":"app/music/lobby_event_xmas.zip","size":16670,"checksum":"crc64:8393083D519C422E"},{"path":"app/music/mainmenu_event_hween.zip","size":436580,"checksum":"crc64:6760FD482A48772C"},{"path":"app/music/mainmenu_event_xmas.zip","size":47501,"checksum":"crc64:5391571A8CD8C639"},{"path":"app/music/party.zip","size":71496,"checksum":"crc64:44977C6FEA07DAF1"},{"path":"app/music/stage1.zip","size":39688,"checksum":"crc64:EA76A49C8A87B217"},{"path":"app/music/stage10.zip","size":145465,"checksum":"crc64:14208CF40B4C8181"},{"path":"app/music/stage11.zip","size":109439,"checksum":"crc64:3F27592695661A03"},{"path":"app/music/stage12.zip","size":77838,"checksum":"crc64:3192CF6B8CA52C32"},{"path":"app/music/stage13.zip","size":57424,"checksum":"crc64:4C4B80D78A4CFF28"},{"path":"app/music/stage14.zip","size":119303,"checksum":"crc64:BD11BC870787C294"},{"path":"app/music/stage15.zip","size":94920,"checksum":"crc64:5157C1F768A37B04"},{"path":"app/music/stage16.zip","size":213445,"checksum":"crc64:7B95AB7E0DF69507"},{"path":"app/music/stage17.zip","size":71855,"checksum":"crc64:B66530E61C96650A"},{"path":"app/music/stage18.zip","size":81759,"checksum":"crc64:93885F2A261C7828"},{"path":"app/music/stage19.zip","size":155670,"checksum":"crc64:519E36AC18E7DAF5"},{"path":"app/music/stage2.zip","size":133067,"checksum":"crc64:7B679AF89C42E3C6"},{"path":"app/music/stage20.zip","size":104957,"checksum":"crc64:400B069B004B82E8"},{"path":"app/music/stage21.zip","size":28412,"checksum":"crc64:3EC789424547E375"},{"path":"app/music/stage22.zip","size":67191,"checksum":"crc64:2EB2C4E0523DA36B"},{"path":"app/music/stage23.zip","size":53792,"checksum":"crc64:F21D9AD57725BF2A"},{"path":"app/music/stage24.zip","size":31715,"checksum":"crc64:AB8149FE5836627B"},{"path":"app/music/stage25.zip","size":155399,"checksum":"crc64:665646F2803CDBBC"},{"path":"app/music/stage26.zip","size":132551,"checksum":"crc64:D7CF503B0DF880C1"},{"path":"app/music/stage27.zip","size":82477,"checksum":"crc64:49270962E243BCF7"},{"path":"app/music/stage28.zip","size":45125,"checksum":"crc64:D510178A04CA2330"},{"path":"app/music/stage29.zip","size":58497,"checksum":"crc64:736AAE4FE398718B"},{"path":"app/music/stage3.zip","size":23477,"checksum":"crc64:211E9A225446EDDD"},{"path":"app/music/stage30.zip","size":126487,"checksum":"crc64:C1C4FECC126AA452"},{"path":"app/music/stage31.zip","size":207533,"checksum":"crc64:678715E81D0B50D5"},{"path":"app/music/stage32.zip","size":215053,"checksum":"crc64:CAF568539050E6F8"},{"path":"app/music/stage4.zip","size":59920,"checksum":"crc64:EF93A17341DBA506"},{"path":"app/music/stage5.zip","size":108712,"checksum":"crc64:3A11190FFF8346B1"},{"path":"app/music/stage6.zip","size":150536,"checksum":"crc64:51A4BB3685D65E4F"},{"path":"app/music/stage7.zip","size":83099,"checksum":"crc64:8EC3335199C35CE8"},{"path":"app/music/stage8.zip","size":142166,"checksum":"crc64:13872FD2C1FE8233"},{"path":"app/music/stage9.zip","size":38569,"checksum":"crc64:C38911CEE9E56C82"},{"path":"app/stages/1.txt","size":2797,"checksum":"crc64:95D34C1054CA1152"},{"path":"app/stages/10.txt","size":9124,"checksum":"crc64:901F32A02844B7F"},{"path":"app/stages/11.txt","size":3134,"checksum":"crc64:80EBD229E7E3CFF8"},{"path":"app/stages/12.txt","size":10110,"checksum":"crc64:7ACD3D32FC5A1FC0"},{"path":"app/stages/13.txt","size":6057,"checksum":"crc64:9A8427688198D9EB"},{"path":"app/stages/14.txt","size":7242,"checksum":"crc64:E48DDDFC72AF64AE"},{"path":"app/stages/15.txt","size":4115,"checksum":"crc64:10B176889930965E"},{"path":"app/stages/16.txt","size":10581,"checksum":"crc64:810677E8423327C8"},{"path":"app/stages/17.txt","size":5912,"checksum":"crc64:C6E48B4523E9448C"},{"path":"app/stages/18.txt","size":13283,"checksum":"crc64:1272EC82A3DA06C5"},{"path":"app/stages/19.txt","size":5421,"checksum":"crc64:E4DAB47AF3D8A44D"},{"path":"app/stages/2.txt","size":5516,"checksum":"crc64:A6EA982FB31F0F98"},{"path":"app/stages/20.txt","size":9231,"checksum":"crc64:2C4543670EDE4F11"},{"path":"app/stages/21.txt","size":12257,"checksum":"crc64:E69017C9A710CBD8"},{"path":"app/stages/22.txt","size":11458,"checksum":"crc64:BD9706D11AA76FE5"},{"path":"app/stages/23.txt","size":5432,"checksum":"crc64:E7786D93C489436"},{"path":"app/stages/24.txt","size":11548,"checksum":"crc64:CF23358F4AC1BACB"},{"path":"app/stages/25.txt","size":11237,"checksum":"crc64:72D263C85E753610"},{"path":"app/stages/26.txt","size":12026,"checksum":"crc64:10991AD3E3BABD3F"},{"path":"app/stages/27.txt","size":2545,"checksum":"crc64:8FF53A2645D9A71F"},{"path":"app/stages/28.txt","size":6974,"checksum":"crc64:FD02F4D866F9A31D"},{"path":"app/stages/29.txt","size":12542,"checksum":"crc64:871D7BD6420C185F"},{"path":"app/stages/3.txt","size":4103,"checksum":"crc64:E80B132CC6E571A4"},{"path":"app/stages/30.txt","size":13375,"checksum":"crc64:662BB8CF654E1E47"},{"path":"app/stages/31.txt","size":13379,"checksum":"crc64:F983A5B53902CF32"},{"path":"app/stages/32.txt","size":14184,"checksum":"crc64:F961D7C49346700E"},{"path":"app/stages/4.txt","size":7714,"checksum":"crc64:62E6C907F626EE9C"},{"path":"app/stages/5.txt","size":5934,"checksum":"crc64:679B99892DB423DB"},{"path":"app/stages/6.txt","size":6296,"checksum":"crc64:C347DA6D33D76428"},{"path":"app/stages/7.txt","size":3935,"checksum":"crc64:4DB93732A00DD539"},{"path":"app/stages/8.txt","size":6954,"checksum":"crc64:5BEF931A97586D6F"},{"path":"app/stages/9.txt","size":10568,"checksum":"crc64:77D30E0756EAC2F5"},{"path":"custom/howto.txt","size":1449,"checksum":"crc64:A5B9CBC1379FCA58"},{"path":"data/mycars/Example, MAX Revenge.rad","size":9373,"checksum":"crc64:2239B510039F54EF"},{"path":"data/mycars/Simple Car.rad","size":2702,"checksum":"crc64:82EFB0CB624E943F"},{"path":"data/mystages/Example Stage - with all the parts used in it.txt","size":12972,"checksum":"crc64:4D4A61AE5D5583D5"},{"path":"data/mystages/mymusic/airy.mod.zip","size":102346,"checksum":"crc64:BD03569432771C6B"},{"path":"data/mystages/mymusic/ghost_me.mod.zip","size":17338,"checksum":"crc64:26495FDA0A149CE5"},{"path":"data/mystages/mymusic/inner_feelings.mod.zip","size":194392,"checksum":"crc64:67138EB51A9B9C54"},{"path":"data/mystages/mymusic/inner_planet.mod.zip","size":78291,"checksum":"crc64:B12089E63B9C2802"},{"path":"data/mystages/mymusic/jellybean_-_mean_machine.mod.zip","size":47916,"checksum":"crc64:9090AB657546AFD0"},{"path":"data/mystages/mymusic/jensz.mod.zip","size":58390,"checksum":"crc64:35C667321EE33CE3"},{"path":"data/mystages/mymusic/kyrom-malysty.mod.zip","size":70715,"checksum":"crc64:59D623D7600DF1E"},{"path":"data/mystages/mymusic/logical_move_4-01.mod.zip","size":33878,"checksum":"crc64:5899A79C1888FE01"},{"path":"data/mystages/mymusic/lolander.mod.zip","size":98703,"checksum":"crc64:F27C044F446427D3"},{"path":"data/mystages/mymusic/midnight_run.mod.zip","size":111889,"checksum":"crc64:34A4B08DAFD658C9"},{"path":"data/mystages/mymusic/noggins_nokkin_stik.mod.zip","size":132825,"checksum":"crc64:5A3B066D0624BBB9"},{"path":"data/mystages/mymusic/puro_acid_5.mod.zip","size":142435,"checksum":"crc64:80BDBCC1612BBBF1"},{"path":"data/mystages/mymusic/purple_dream_5.mod.zip","size":66380,"checksum":"crc64:74FB8E067355B6D6"},{"path":"data/mystages/mymusic/pyrox_1_1.mod.zip","size":73267,"checksum":"crc64:5BAB967E2D851D14"},{"path":"data/mystages/mymusic/pythons_loony_too.mod.zip","size":209479,"checksum":"crc64:CE31AC97F9C8C972"},{"path":"data/mystages/mymusic/q-bic.mod.zip","size":137817,"checksum":"crc64:3772812503B23E8A"},{"path":"data/mystages/mymusic/quickn_easy.mod.zip","size":35311,"checksum":"crc64:C585210AC080128A"},{"path":"data/mystages/mymusic/uaahhversion1.mod.zip","size":140235,"checksum":"crc64:CF4E1B1F4562AFEE"},{"path":"data/mystages/mymusic/uncle_human.mod.zip","size":61256,"checksum":"crc64:83C2AE56447D2539"}],"bundles":[{"path":"app/data/.zip.stream","target":"app/data/","size":1731945,"checksum":"crc64:A8F3796CAB89120D"},{"path":"app/music/.zip.stream","target":"app/music/","size":4220781,"checksum":"crc64:302ECC72D9482AE5"},{"path":"app/stages/.zip.stream","target":"app/stages/","size":88225,"checksum":"crc64:8D83255D2971C93D"},{"path":"data/mystages/mymusic/.zip.stream","target":"data/mystages/mymusic/","size":1814814,"checksum":"crc64:D8F0033123081E27"}]}